id,first_name,last_name,email,gender,ip_address
1,Sindee,Palmby,spalmby0@over-blog.com,Agender,205.24.130.150
2,Kiley,De Robertis,kderobertis1@admin.ch,Polygender,246.115.66.84
3,Kendell,Haysham,khaysham2@dagondesign.com,Genderfluid,23.189.241.204
4,Dietrich,Dilgarno,ddilgarno3@nasa.gov,Polygender,248.216.241.81
5,Kelvin,Evans,kevans4@usatoday.com,Bigender,231.143.173.49
6,Micah,Durante,mdurante5@jiathis.com,Male,230.19.192.172
7,Lilah,Simonich,lsimonich6@scientificamerican.com,Genderfluid,110.81.7.225
8,Ekaterina,Driussi,edriussi7@apple.com,Female,167.192.28.218
9,Kania,Edwin,kedwin8@scientificamerican.com,Bigender,141.232.219.89
10,Avivah,McAlpin,amcalpin9@weibo.com,Agender,47.175.90.151
11,Roberta,Hartle,rhartlea@netvibes.com,Bigender,114.47.32.135
12,Heall,Juarez,hjuarezb@loc.gov,Genderqueer,72.23.56.10
13,Janine,Spears,jspearsc@slate.com,Male,59.217.76.144
14,Trina,Westmorland,twestmorlandd@flavors.me,Male,153.58.61.26
15,Gretna,Delhay,gdelhaye@biglobe.ne.jp,Genderfluid,97.99.23.149
